,dom_strat,inc_cost,inc_eff
0,"Q2Y, Start age: 25",0.03964161945127387,3148.509780047094
1,"Q2Y, Start age: 30",0.16455833840513634,3059.1968525166267
2,"Q2Y, Start age: 25",0.028689869330431605,2052.614614432714
3,"Q2Y, Start age: 25",0.031082373877598712,2233.9189385408827
4,"Q2Y, Start age: 25",0.06696539279376168,2121.9768020310676
5,"Q3Y, Start age: 25",0.05259144801588178,2555.304411260644
6,"Q2Y, Start age: 30",0.11720145058504272,3313.009498050087
7,"Q2Y, Start age: 30",0.09204323562366312,6082.693646682073
8,"Q2Y, Start age: 25",0.030867991430262975,1332.7333528916643
9,"Q2Y, Start age: 25",0.025019853152407734,2381.7630538388366
10,"Q2Y, Start age: 25",0.02374244807191772,971.3424406198938
11,"Q3Y, Start age: 25",0.051677407734597836,1598.1178533778457
12,"Q2Y, Start age: 25",0.03452059333152846,3153.887976402253
13,"Q2Y, Start age: 25",0.060948413931981804,4748.209360868896
14,"Q2Y, Start age: 25",0.03317352624065961,2556.4951976997872
15,"Q2Y, Start age: 25",0.028761624237912287,725.5139979067771
16,"Q2Y, Start age: 25",0.020438914567638022,1913.6184507329526
17,"Q2Y, Start age: 30",0.05400228560815279,1580.461969994425
18,"Q2Y, Start age: 25",0.03287080288691868,1319.178135701326
19,"Q3Y, Start age: 35",0.05,0.0
20,"Q2Y, Start age: 25",0.022520127617447372,2158.604840698179
21,"Q3Y, Start age: 25",0.08269892744053209,5449.564773669317
22,"Q2Y, Start age: 25",0.026691247373019422,1996.6046928420037
23,"Q2Y, Start age: 25",0.03856338343200605,1946.9489934950725
24,"Q2Y, Start age: 25",0.02164634865041748,1361.887045836329
25,"Q1Y, Start age: 30",0.02865251153251691,2265.349112062202
26,"Q2Y, Start age: 25",0.02105296593186523,1236.2625456229944
27,"Q2Y, Start age: 25",0.08308092547089885,2763.700658779997
28,"Q2Y, Start age: 25",0.04033787576184977,3990.3026852133207
29,"Q2Y, Start age: 25",0.018787489877631458,1641.8798135644247
30,"Q2Y, Start age: 35",0.13407843882237813,443.9650723006416
31,"Q2Y, Start age: 25",0.03707467222022842,1703.4909325788067
32,"Q2Y, Start age: 30",0.0911969663515464,4705.023492564116
33,"Q2Y, Start age: 30",0.06272580407466677,1317.3321415261125
34,"Q3Y, Start age: 35",0.06477449480609465,854.0603439458573
35,"Q2Y, Start age: 30",0.024817143793875118,577.559842527593
36,"Q2Y, Start age: 35",0.05,0.0
37,"Q2Y, Start age: 25",0.03703883464838498,3283.5235946409266
38,"Q2Y, Start age: 25",0.026501971822380455,1518.1635763635422
39,"Q3Y, Start age: 30",0.08426067628125011,1199.2352968164487
40,"Q2Y, Start age: 25",0.021298350062586735,778.6948115755604
41,"Q3Y, Start age: 25",0.054477737399938775,4524.206940945012
42,"Q2Y, Start age: 35",0.29355870974681153,676.2446166623995
43,"Q2Y, Start age: 25",0.036295617499906285,2715.425693443398
44,"Q2Y, Start age: 25",0.036337418152186274,1025.6696381182246
45,"Q3Y, Start age: 25",0.10506904919821025,4139.919136968656
46,"Q2Y, Start age: 25",0.02110269015771493,813.2652046041148
47,"Q3Y, Start age: 30",0.11659423443475703,1679.0658812865295
48,"Q2Y, Start age: 25",0.025172088233137657,2072.2006677071768
49,"Q3Y, Start age: 30",0.17429358691888908,1991.2218713620496
50,"Q2Y, Start age: 25",0.03005735055771197,1251.5452090142262
51,"Q2Y, Start age: 25",0.07065009495817876,3260.467266131518
52,"Q3Y, Start age: 25",0.13363152885862561,6740.762329728277
53,"Q3Y, Start age: 25",0.05321851843511638,4302.851451993658
54,"Q2Y, Start age: 25",0.018899335070667433,1872.3297394323345
55,"Q3Y, Start age: 25",0.06119368613168774,2180.4228086353505
56,"Q2Y, Start age: 25",0.028931958649032197,2143.3090131920144
57,"Q2Y, Start age: 30",0.08938832616751569,4913.645442344074
58,"Q2Y, Start age: 25",0.019487458912561095,1587.8401665983583
59,"Q2Y, Start age: 30",0.08995515578155988,2822.5340696845487
60,"Q2Y, Start age: 25",0.08417843672800629,7957.196669004785
61,"Q2Y, Start age: 25",0.019192606964221426,1381.1722813007855
62,"Q3Y, Start age: 25",0.12756253599188128,6083.789807575973
63,"Q2Y, Start age: 25",0.030498182357241888,1317.4099276918132
64,"Q3Y, Start age: 25",0.0371249688517743,844.9884626665444
65,"Q2Y, Start age: 30",0.14970588036003107,6645.135421201798
66,"Q2Y, Start age: 25",0.03938569981668749,3915.201779068131
67,"Q2Y, Start age: 25",0.029236846947302553,1067.3426654603936
68,"Q2Y, Start age: 25",0.020257013345325703,1704.7196724248279
69,"Q2Y, Start age: 25",0.04356064772136392,2340.0091506497083
70,"Q2Y, Start age: 25",0.02951868711458161,1723.297189702691
71,"Q2Y, Start age: 25",0.022089826203917085,809.0786142597535
72,"Q3Y, Start age: 25",0.02902310228104099,2034.3619146392157
73,"Q2Y, Start age: 25",0.030839672198059276,2499.488947783193
74,"Q2Y, Start age: 25",0.08939999258489806,7272.788405286014
75,"Q2Y, Start age: 25",0.020327886055856226,1828.5763564787703
76,"Q2Y, Start age: 25",0.03337546853131457,1851.3381170308821
77,"Q2Y, Start age: 35",0.20213628673177197,751.6076472330824
78,"Q2Y, Start age: 25",0.02776447474939303,708.9334000383151
79,"Q2Y, Start age: 30",0.11686008663819436,1351.3944799787878
80,"Q3Y, Start age: 35",0.05,0.0
81,"Q2Y, Start age: 25",0.045780710900139354,2942.5477599366695
82,"Q2Y, Start age: 25",0.036341461099684835,2506.4759090540247
83,"Q3Y, Start age: 30",0.05,0.0
84,"Q2Y, Start age: 25",0.03359611687100994,3322.778744454954
85,"Q2Y, Start age: 25",0.04055423593278462,2777.934631703065
86,"Q2Y, Start age: 25",0.04973319468534143,4926.446174242799
87,"Q2Y, Start age: 25",0.03622131171223941,2291.089529507164
88,"Q2Y, Start age: 25",0.03461400866109443,2818.7937088769613
89,"Q3Y, Start age: 35",0.1757859119772931,297.9309248604368
90,"Q2Y, Start age: 30",0.16749782884671305,5034.090480168485
91,"Q2Y, Start age: 25",0.02791627141806785,1697.2234540736463
92,"Q2Y, Start age: 35",0.05,0.0
93,"Q2Y, Start age: 25",0.03305554502660257,2231.2047878469857
94,"Q2Y, Start age: 25",0.0293600627566164,1103.8010219363296
95,"Q3Y, Start age: 35",0.09982930498629017,73.8814509627282
96,"Q2Y, Start age: 25",0.03142695897931347,1990.999292878365
97,"Q3Y, Start age: 30",0.0037291065061992867,288.14702415054126
98,"Q2Y, Start age: 25",0.02670383610997007,647.5663388111116
99,"Q2Y, Start age: 35",0.31134453331528533,702.2083201159548
100,"Q2Y, Start age: 25",0.037276990988321046,2331.1721009889734
101,"Q2Y, Start age: 25",0.038963391779173406,1474.658957154712
102,"Q2Y, Start age: 30",0.1026408891917967,3031.3604426161473
103,"Q2Y, Start age: 25",0.025683382367102325,1556.8850544616544
104,"Q2Y, Start age: 25",0.02331346879401508,1655.7784609621012
105,"Q2Y, Start age: 25",0.047579828123822665,3890.6121136900547
106,"Q3Y, Start age: 25",0.10942392178006344,5718.882648935902
107,"Q2Y, Start age: 25",0.028456280237087128,2744.423955862123
108,"Q3Y, Start age: 30",0.12544048174493838,1108.6090319921805
109,"Q2Y, Start age: 25",0.04161929398885178,2213.2876663641036
110,"Q2Y, Start age: 25",0.02200508000132473,633.4438766159801
111,"Q2Y, Start age: 30",0.03761267534705581,297.15147843818704
112,"Q2Y, Start age: 30",0.0538696652366788,994.3399380483297
113,"Q2Y, Start age: 25",0.025095220034565102,618.8932970424394
114,"Q2Y, Start age: 25",0.061383443567752494,5455.116905195755
115,"Q2Y, Start age: 35",0.14495588980396334,640.3504496380119
116,"Q2Y, Start age: 25",0.02596540674364789,1974.6361255969714
117,"Q2Y, Start age: 25",0.023484000670237037,1242.1159758400427
118,"Q1Y, Start age: 35",0.07600144285733279,5264.6434007879
119,"Q3Y, Start age: 35",0.09754138782259503,35.929776626120656
120,"Q2Y, Start age: 35",0.05865948962999923,1782.5124209735477
121,"Q3Y, Start age: 30",0.14572477718825283,213.33718971244707
122,"Q2Y, Start age: 25",0.02194277709034509,1120.5867411085674
123,"Q2Y, Start age: 25",0.02650532019918117,2221.3428809310135
124,"Q3Y, Start age: 25",0.06776107103817708,6059.725635971226
125,"Q2Y, Start age: 25",0.02080443399739451,1997.0797701712254
126,"Q2Y, Start age: 30",0.19228225689456124,20.11463622588053
127,"Q3Y, Start age: 25",0.10213424116883729,4417.332579070739
128,"Q2Y, Start age: 30",0.157355084324724,2109.564285380111
129,"Q3Y, Start age: 35",0.05,0.0
130,"Q2Y, Start age: 25",0.030382863031526597,1848.9113706961944
131,"Q2Y, Start age: 25",0.027679320085422177,1760.438573985688
132,"Q2Y, Start age: 30",0.10936393052573123,1179.9403238063278
133,"Q2Y, Start age: 25",0.07643631062951783,7318.381848128996
134,"Q3Y, Start age: 25",0.11581954533727057,5797.975324393432
135,"Q2Y, Start age: 25",0.03559536310083189,1719.7448652214243
136,"Q2Y, Start age: 30",0.17791613854159394,1892.3638367550993
137,"Q2Y, Start age: 25",0.0948350160432021,2274.6134036579224
138,"Q2Y, Start age: 25",0.02809419260414714,2538.828042551191
139,"Q2Y, Start age: 25",0.07503684439650016,3843.3100068115746
140,"Q2Y, Start age: 25",0.02670850678257608,2311.170872082457
141,"Q3Y, Start age: 25",0.006645235280959838,305.48165696764045
142,"Q3Y, Start age: 25",0.028328670740826567,2017.9310004085419
143,"Q3Y, Start age: 25",0.028481564393295855,2477.8442132330383
144,"Q2Y, Start age: 25",0.04945278963660371,3757.455681212754
145,"Q2Y, Start age: 25",0.04010307186354822,2009.6799354596405
146,"Q2Y, Start age: 25",0.03568812283465306,1272.8772087321668
147,"Q2Y, Start age: 30",0.1557303241741934,653.7366645880466
148,"Q3Y, Start age: 30",0.045028374843639085,1480.931059977349
149,"Q1Y, Start age: 30",0.018730801287006216,1139.7312466602325
150,"Q2Y, Start age: 40",0.05,0.0
151,"Q3Y, Start age: 30",0.05,0.0
152,"Q3Y, Start age: 30",0.13679688652194955,3923.9613535910285
153,"Q3Y, Start age: 25",0.06875940323821439,6749.200771502903
154,"Q3Y, Start age: 25",0.03721772207827101,2339.701083162785
155,"Q2Y, Start age: 25",0.03769136232059722,2650.4470473665315
156,"Q2Y, Start age: 25",0.027788645462109685,1295.8295856735422
157,"Q3Y, Start age: 30",0.14647304960925212,1250.145291861416
158,"Q3Y, Start age: 30",0.11141462972472738,2627.9544502568097
159,"Q2Y, Start age: 25",0.018252295481250513,1341.567562723074
160,"Q2Y, Start age: 25",0.029243193839853632,1958.924497985623
161,"Q3Y, Start age: 35",0.05,0.0
162,"Q2Y, Start age: 25",0.06435922031382546,6010.268229538187
163,"Q3Y, Start age: 35",0.0900777441253382,1181.5657452102532
164,"Q2Y, Start age: 25",0.03640601078639705,2432.337411811204
165,"Q1Y, Start age: 30",0.03573047261234663,2397.276760302262
166,"Q2Y, Start age: 25",0.02200166273276949,1412.0006709886202
167,"Q2Y, Start age: 25",0.038085685035184724,1667.0431754012316
168,"Q2Y, Start age: 25",0.04276246901628511,3191.157205147114
169,"Q1Y, Start age: 35",0.01919356828158314,1620.115966393696
170,"Q2Y, Start age: 35",0.07996658478812435,1297.3540219859842
171,"Q2Y, Start age: 25",0.043790666174025716,1554.3242931338646
172,"Q2Y, Start age: 25",0.02166094714293365,2103.4604457303903
173,"Q2Y, Start age: 25",0.03436591338361339,1996.7341790325227
174,"Q2Y, Start age: 25",0.05757224765812552,4683.180237188582
175,"Q2Y, Start age: 25",0.034226061258408436,2305.9583523295005
176,"Q2Y, Start age: 25",0.05507898141990708,5465.7701874457
177,"Q2Y, Start age: 25",0.027143599441696864,1474.499709250953
178,"Q2Y, Start age: 25",0.035609785957323226,1453.5674939731325
179,"Q2Y, Start age: 25",0.033484320924245026,1349.0751537432297
180,"Q3Y, Start age: 35",0.05,0.0
181,"Q2Y, Start age: 25",0.02327301330758047,822.4926675136849
182,"Q3Y, Start age: 35",0.05,0.0
183,"Q3Y, Start age: 30",0.10791817298277451,1376.702356380718
184,"Q2Y, Start age: 25",0.03225578574931731,1274.6035849043583
185,"Q2Y, Start age: 25",0.042267155974187176,3704.6733803966345
186,"Q2Y, Start age: 25",0.022973161885126103,1872.9677111192614
187,"Q2Y, Start age: 30",0.032871470230197986,775.7936387348418
188,"Q2Y, Start age: 25",0.028401548024724832,895.0450661799041
189,"Q2Y, Start age: 25",0.030521591344513155,2087.9923626297277
190,"Q2Y, Start age: 25",0.029563003289666767,1811.3509379925017
191,"Q3Y, Start age: 30",0.14649988458356944,2013.6601235191574
192,"Q2Y, Start age: 25",0.02219619883274504,1889.3897519263446
193,"Q2Y, Start age: 25",0.052756088938131995,104.73717483407927
194,"Q3Y, Start age: 25",0.09186162347226201,2286.618008574118
195,"Q2Y, Start age: 35",0.23881597735388027,484.1803776693887
196,"Q2Y, Start age: 25",0.007916316442837967,382.79691930579247
197,"Q2Y, Start age: 25",0.032281397064487294,2338.482176742964
198,"Q2Y, Start age: 25",0.02394680813196004,1956.5864677817808
199,"Q3Y, Start age: 35",0.05,0.0
200,"Q2Y, Start age: 25",0.028941685659958694,2339.524708764133
201,"Q2Y, Start age: 25",0.05778006641252276,4397.427792422781
202,"Q2Y, Start age: 25",0.03360839874154209,1344.116448352106
203,"Q2Y, Start age: 25",0.02478627064666128,1941.361478325478
204,"Q3Y, Start age: 35",0.05,0.0
205,"Q2Y, Start age: 25",0.026259881191482037,1945.0980459747734
206,"Q2Y, Start age: 25",0.02255156753042087,1445.6152470059642
207,"Q3Y, Start age: 30",0.05,0.0
208,"Q2Y, Start age: 25",0.055797104919946605,3736.319804375238
209,"Q2Y, Start age: 25",0.027116027145112298,1256.4266977631778
210,"Q2Y, Start age: 25",0.018215274453982744,763.0463113833939
211,"Q2Y, Start age: 25",0.018261186066407475,1176.5575708795404
212,"Q2Y, Start age: 25",0.03968975758131421,1882.212677132451
213,"Q2Y, Start age: 25",0.05839847277284704,5415.923060315119
214,"Q2Y, Start age: 25",0.033248741102880786,1099.0762592562114
215,"Q2Y, Start age: 25",0.0317482348360727,1094.480744582328
216,"Q3Y, Start age: 35",0.05,0.0
217,"Q1Y, Start age: 35",0.09875832482616786,1169.1110727883788
218,"Q3Y, Start age: 35",0.05,0.0
219,"Q2Y, Start age: 25",0.03241913941014474,2634.345686528177
220,"Q3Y, Start age: 30",0.09725891963276467,2582.6979552381345
221,"Q2Y, Start age: 25",0.08508440978934573,5011.143173709763
222,"Q2Y, Start age: 30",0.10423867421921429,4873.849861380002
223,"Q3Y, Start age: 25",0.07845878824261376,7190.230361066522
224,"Q1Y, Start age: 25",0.026164170426419275,2571.4799077575226
225,"Q3Y, Start age: 25",0.09161032671946856,6688.709403389777
226,"Q2Y, Start age: 25",0.03491845555286588,1315.5823839501118
227,"Q2Y, Start age: 30",0.11575657871832234,2143.6708047584325
228,"Q3Y, Start age: 35",0.05,0.0
229,"Q2Y, Start age: 25",0.0620067253358485,3978.6155935188817
230,"Q2Y, Start age: 25",0.03545090070245749,1720.5231038607744
231,"Q2Y, Start age: 25",0.027868229070307393,1771.873614803546
232,"Q2Y, Start age: 25",0.02950921394159778,1608.413979223562
233,"Q2Y, Start age: 25",0.03238887555283654,1489.595200456979
234,"Q2Y, Start age: 35",0.2522578543713436,225.68459781885576
235,"Q2Y, Start age: 35",0.07219336004748911,660.7736617104565
236,"Q2Y, Start age: 25",0.07446064612481607,6959.181052477659
237,"Q3Y, Start age: 30",0.15438169717349481,953.2811395749759
238,"Q2Y, Start age: 25",0.03298571327156097,1730.992378337567
239,"Q2Y, Start age: 25",0.035155837054343664,2850.847288393292
240,"Q2Y, Start age: 25",0.028267824189086355,2336.041104810891
241,"Q2Y, Start age: 25",0.027579734025859892,501.9526019334735
242,"Q3Y, Start age: 35",0.05,0.0
243,"Q2Y, Start age: 25",0.03498745308106166,984.8257179796328
244,"Q2Y, Start age: 25",0.05210232031673101,3912.4158694099224
245,"Q2Y, Start age: 25",0.0702352223527285,3565.5847548563033
246,"Q3Y, Start age: 30",0.19107505625393273,567.5182256104636
247,"Q2Y, Start age: 25",0.04635704801721374,3706.689175582429
248,"Q3Y, Start age: 25",0.059495420510451424,3868.366637229141
249,"Q2Y, Start age: 25",0.03236945449128115,2497.772966794797
250,"Q3Y, Start age: 25",0.12611965198141206,3344.95181265429
251,"Q1Y, Start age: 35",0.021298836411418165,1755.5830618054715
252,"Q2Y, Start age: 25",0.03768681105839278,2574.7859259115685
253,"Q2Y, Start age: 25",0.06641134257341008,2843.4543155713454
254,"Q2Y, Start age: 25",0.03600406781133003,2443.4749599755087
255,"Q2Y, Start age: 25",0.06612660924333014,4660.617700197345
256,"Q2Y, Start age: 25",0.07204031047235304,3417.8564494181755
257,"Q2Y, Start age: 25",0.033879533473907486,1839.3169184144353
258,"Q3Y, Start age: 35",0.05,0.0
259,"Q2Y, Start age: 25",0.019721939761016216,1621.841800625578
260,"Q2Y, Start age: 35",0.1893781205855305,543.6052595547644
261,"Q2Y, Start age: 25",0.029458690114392283,1588.4275221545286
262,"Q1Y, Start age: 35",0.10499948937874137,1328.8697443919136
263,"Q3Y, Start age: 35",0.12800023992255305,437.9604908600413
264,"Q3Y, Start age: 30",0.08845662752015926,2320.5569316217698
265,"Q3Y, Start age: 30",0.10252522895562777,765.5168208843279
266,"Q2Y, Start age: 25",0.025851129341056378,1980.577005805353
267,"Q2Y, Start age: 25",0.04729096916165787,1352.7411343288495
268,"Q2Y, Start age: 25",0.03417992396301983,2485.8761620482474
269,"Q3Y, Start age: 35",0.05,0.0
270,"Q2Y, Start age: 25",0.03166025789120397,1555.3252571723024
271,"Q3Y, Start age: 35",0.05,0.0
272,"Q2Y, Start age: 25",0.05123113591640305,4354.608213249096
273,"Q2Y, Start age: 25",0.030828328927565707,2242.7773043547895
274,"Q2Y, Start age: 25",0.04521261742223004,3429.6566188157685
275,"Q2Y, Start age: 35",0.18785066231838954,758.2633437899203
276,"Q2Y, Start age: 25",0.059655886078676446,4324.24981679572
277,"Q2Y, Start age: 25",0.021770918974183928,2005.7401193805308
278,"Q3Y, Start age: 25",0.06352420659105817,1936.705764733928
279,"Q2Y, Start age: 25",0.029048903999051134,807.296948720159
280,"Q2Y, Start age: 25",0.055952849152376416,5390.545322258748
281,"Q2Y, Start age: 25",0.030346169623076236,2595.2466149818283
282,"Q3Y, Start age: 25",0.16485730029680568,6097.259113209129
283,"Q2Y, Start age: 25",0.032801430411556254,2469.6393537661424
284,"Q3Y, Start age: 25",0.05827944868303092,5339.649285381194
285,"Q2Y, Start age: 25",0.03479502527986611,3084.9611520192047
286,"Q3Y, Start age: 25",0.16524847689923305,8630.216988669781
287,"Q2Y, Start age: 30",0.03971657073106272,1413.6664958210094
288,"Q2Y, Start age: 30",0.017616327702679513,686.7313840222396
289,"Q2Y, Start age: 25",0.09760600355662419,8332.778845007308
290,"Q2Y, Start age: 25",0.02171494928435891,1552.6681451618533
291,"Q2Y, Start age: 35",0.14997192469747134,134.78515886266905
292,"Q2Y, Start age: 25",0.036850625621944744,1678.8619870372277
293,"Q3Y, Start age: 25",0.05230687294061198,1858.7316371867819
294,"Q2Y, Start age: 25",0.06002487732181194,3266.83746897375
295,"Q2Y, Start age: 35",0.041794818750140905,2057.188803676665
296,"Q2Y, Start age: 35",0.03817647577243477,2323.9389706518814
297,"Q2Y, Start age: 25",0.02472494052302565,1595.6171798299802
298,"Q2Y, Start age: 25",0.06414832853797847,5675.16762960401
299,"Q2Y, Start age: 25",0.04434366636855813,2583.853017097794
300,"Q3Y, Start age: 35",0.05,0.0
301,"Q2Y, Start age: 30",0.04071149577437794,2684.0155078259086
302,"Q2Y, Start age: 35",0.06907175959768352,1842.4960120433425
303,"Q2Y, Start age: 25",0.08111753670584676,3709.5989520238854
304,"Q3Y, Start age: 25",0.07070055564850719,3760.4799843860856
305,"Q3Y, Start age: 25",0.0399434678029742,1773.488527181893
306,"Q2Y, Start age: 25",0.0569303634598981,2816.0193934475446
307,"Q3Y, Start age: 35",0.194373947223621,278.4323026841448
308,"Q2Y, Start age: 25",0.03008828013445708,2053.646462113589
309,"Q2Y, Start age: 25",0.020409664665777427,794.408285141626
310,"Q2Y, Start age: 25",0.04324814986064851,3945.1489868522112
311,"Q3Y, Start age: 35",0.05,0.0
312,"Q2Y, Start age: 25",0.03545797238784587,876.8869034949275
313,"Q2Y, Start age: 25",0.027414391597524457,429.3084600529746
314,"Q2Y, Start age: 25",0.026247439666605032,1821.2528171416598
315,"Q2Y, Start age: 30",0.09337336520342632,1614.2551459998394
316,"Q3Y, Start age: 35",0.05,0.0
317,"Q2Y, Start age: 35",0.0928273293982258,1980.2306533595474
318,"Q3Y, Start age: 30",0.07513038473006972,298.0258491638051
319,"Q2Y, Start age: 30",0.05,0.0
320,"Q2Y, Start age: 25",0.05383621541999517,5264.358548892253
321,"Q3Y, Start age: 30",0.08356412968914739,1754.0723065193233
322,"Q2Y, Start age: 30",0.12525968680042254,4097.571248552551
323,"Q3Y, Start age: 25",0.08549258124752157,5886.208034353769
324,"Q2Y, Start age: 25",0.034029579437564905,2001.2324674897645
325,"Q1Y, Start age: 30",0.06672542158081285,3333.5320214456333
326,"Q3Y, Start age: 40",0.05,0.0
327,"Q2Y, Start age: 25",0.04026604442210413,1247.4387919561977
328,"Q3Y, Start age: 25",0.0630479243438522,4701.510512024786
329,"Q3Y, Start age: 25",0.05052160231567271,2024.6786531200923
330,"Q1Y, Start age: 30",0.05608061260603492,3292.096937477916
331,"Q2Y, Start age: 25",0.06852063886963577,2897.002451146731
332,"Q2Y, Start age: 25",0.03815975073554512,3288.5982006885715
333,"Q3Y, Start age: 30",0.10287738185805395,3036.0809685880995
334,"Q3Y, Start age: 25",0.16516111610456718,3513.98024660788
335,"Q2Y, Start age: 25",0.026071474172862708,1944.9898207612714
336,"Q1Y, Start age: 35",0.1142607890189673,3819.865920104581
337,"Q3Y, Start age: 30",0.09525039614342745,1504.523783645287
338,"Q3Y, Start age: 35",0.05,0.0
339,"Q2Y, Start age: 35",0.13301677162819203,529.3488401542872
340,"Q2Y, Start age: 25",0.03680461046667105,1960.3370515426031
341,"Q2Y, Start age: 35",0.13052016444143533,3931.830116537527
342,"Q3Y, Start age: 35",0.05,0.0
343,"Q2Y, Start age: 25",0.039747237594497165,1764.7323307789284
344,"Q2Y, Start age: 25",0.01778588156084382,888.1274904075908
345,"Q2Y, Start age: 25",0.0216163799939757,1831.4579059061361
346,"Q2Y, Start age: 25",0.1114812232042297,5839.433191719514
347,"Q2Y, Start age: 25",0.07554715539396284,3900.757289960151
348,"Q2Y, Start age: 25",0.03385445364477491,2872.51358403439
349,"Q2Y, Start age: 25",0.028052582298876416,2053.757574332856
350,"Q2Y, Start age: 35",0.08216161593604454,1382.4164754936282
351,"Q2Y, Start age: 25",0.03464078330921083,1870.8223668850878
352,"Q2Y, Start age: 25",0.037000876103931546,1741.676271204873
353,"Q3Y, Start age: 25",0.05480473385027196,4253.563353898047
354,"Q2Y, Start age: 25",0.029722852555106982,2796.8637441254723
355,"Q2Y, Start age: 25",0.02752840378597199,1636.195117284231
356,"Q2Y, Start age: 25",0.019484714138013004,1659.1791586716026
357,"Q3Y, Start age: 35",0.05,0.0
358,"Q2Y, Start age: 25",0.06586849878812728,5356.766229092755
359,"Q3Y, Start age: 35",0.05,0.0
360,"Q2Y, Start age: 30",0.12571061911643966,416.0244739311929
361,"Q2Y, Start age: 25",0.04506587506448412,2318.4599579135884
362,"Q3Y, Start age: 25",0.1759159547412068,5802.39154379462
363,"Q3Y, Start age: 25",0.05113597418821669,4960.9858960563615
364,"Q3Y, Start age: 35",0.12112753906873408,39.82780048476343
365,"Q2Y, Start age: 30",0.10328750172871892,7716.790815691369
366,"Q1Y, Start age: 35",0.06988274084813284,2471.3997419864972
367,"Q2Y, Start age: 25",0.026728536339206244,988.4642574474256
368,"Q2Y, Start age: 25",0.01618165601413679,1385.2611577438038
369,"Q3Y, Start age: 30",0.25207125178809875,629.7955384940142
370,"Q2Y, Start age: 30",0.07657832447822699,1394.019826311498
371,"Q2Y, Start age: 25",0.05693918424113775,1830.050296459165
372,"Q2Y, Start age: 25",0.029755487087694377,1390.683975101285
373,"Q2Y, Start age: 25",0.015675606256987606,1227.2002106535474
374,"Q2Y, Start age: 25",0.022590126437926017,2062.5131618182386
375,"Q3Y, Start age: 35",0.05,0.0
376,"Q2Y, Start age: 25",0.018263212085571467,1113.1066687951243
377,"Q2Y, Start age: 25",0.02727025347115486,1562.376464740184
378,"Q2Y, Start age: 25",0.0818567764736784,5691.850818897794
379,"Q2Y, Start age: 25",0.03851997956046205,2367.718609342741
380,"Q2Y, Start age: 25",0.03217149201264036,2713.143654738371
381,"Q2Y, Start age: 25",0.03529169222527884,996.3656427942406
382,"Q3Y, Start age: 30",0.05,0.0
383,"Q3Y, Start age: 30",0.05,0.0
384,"Q2Y, Start age: 25",0.07981223341430166,6159.045524115438
385,"Q2Y, Start age: 25",0.036767202129688314,3662.5484128602657
386,"Q2Y, Start age: 25",0.02276601795846389,1378.6223651472465
387,"Q2Y, Start age: 35",0.04824287311527442,891.6583595242173
388,"Q2Y, Start age: 25",0.043925299129320194,2467.032311070021
389,"Q3Y, Start age: 30",0.07974865881004689,2154.4307080298113
390,"Q3Y, Start age: 25",0.03466759363832139,2588.103613279487
391,"Q2Y, Start age: 25",0.076382770389543,3177.5454942528377
392,"Q3Y, Start age: 30",0.08719584538997793,1527.6142346871056
393,"Q2Y, Start age: 35",0.024133453304408192,884.7427271597826
394,"Q2Y, Start age: 25",0.036235999750875436,1857.8822594352096
395,"Q2Y, Start age: 25",0.030688849567827248,1373.3802750025861
396,"Q3Y, Start age: 35",0.05,0.0
397,"Q3Y, Start age: 35",0.05,0.0
398,"Q2Y, Start age: 25",0.03266538960693666,3075.820332385014
399,"Q2Y, Start age: 25",0.02064549871476018,1933.5337713779572
400,"Q2Y, Start age: 30",0.04464366987859236,1984.1063060971646
401,"Q2Y, Start age: 25",0.026027146230102716,2107.589806021191
402,"Q2Y, Start age: 25",0.031904638235584315,2178.2514892247455
403,"Q2Y, Start age: 25",0.032751821315571306,1994.4048602864714
404,"Q2Y, Start age: 35",0.22152062849323073,2034.566006922083
405,"Q2Y, Start age: 25",0.04307127570361047,3525.6738177767693
406,"Q2Y, Start age: 35",0.09644453155052446,2920.7087329279857
407,"Q2Y, Start age: 25",0.03562917952957534,674.6320527854277
408,"Q2Y, Start age: 25",0.03497029136810781,1833.6659549857031
409,"Q2Y, Start age: 30",0.10083191869195929,1217.0718190090938
410,"Q2Y, Start age: 35",0.09713822907250247,1982.3065487021922
411,"Q2Y, Start age: 25",0.02979407381887711,2243.6306650667357
412,"Q2Y, Start age: 35",0.05,0.0
413,"Q2Y, Start age: 30",0.06342426698442694,4551.547363878995
414,"Q2Y, Start age: 25",0.05969688242812765,2604.4960962315963
415,"Q3Y, Start age: 25",0.05872418872342777,3858.50501241229
416,"Q3Y, Start age: 25",0.022773103860505017,1996.0678098787066
417,"Q2Y, Start age: 30",0.11774794078239381,3794.1417990534283
418,"Q2Y, Start age: 25",0.020064521496454546,1262.3855729859933
419,"Q2Y, Start age: 25",0.031171781313759084,1656.2540751080614
420,"Q2Y, Start age: 25",0.0918091800642209,4988.040531237875
421,"Q3Y, Start age: 35",0.05,0.0
422,"Q2Y, Start age: 30",0.042441286530319644,2147.616537748512
423,"Q2Y, Start age: 25",0.027799501567209006,2646.4055802671464
424,"Q3Y, Start age: 35",0.05,0.0
425,"Q3Y, Start age: 35",0.05,0.0
426,"Q2Y, Start age: 25",0.02174426996003831,1759.6925362370675
427,"Q2Y, Start age: 25",0.03174034586378838,1229.4016721471926
428,"Q2Y, Start age: 35",0.06313013060190542,3543.194020300136
429,"Q2Y, Start age: 25",0.029911704618054813,1569.968624324847
430,"Q2Y, Start age: 25",0.022851415232217676,1025.9641572421751
431,"Q3Y, Start age: 25",0.03041455256658665,1565.961476990491
432,"Q2Y, Start age: 25",0.029889326358180313,1473.304303878569
433,"Q2Y, Start age: 25",0.017350702329792966,1225.0019486263027
434,"Q2Y, Start age: 25",0.026267645516728777,2328.2558168289906
435,"Q2Y, Start age: 25",0.03446762708246354,2484.4367720988266
436,"Q3Y, Start age: 30",0.11316378676512784,1620.4465198291145
437,"Q3Y, Start age: 30",0.16980054359576613,1343.6847161110272
438,"Q3Y, Start age: 30",0.08665779573678734,678.6147062097189
439,"Q2Y, Start age: 25",0.032317821716461026,2266.294356481918
440,"Q2Y, Start age: 25",0.021304809847862316,1730.2858249460623
441,"Q2Y, Start age: 25",0.032236874761377265,3104.9234237799647
442,"Q2Y, Start age: 25",0.06214277648023625,4761.87621733511
443,"Q2Y, Start age: 25",0.07828577819318028,7340.324214174401
444,"Q2Y, Start age: 35",0.08939906437350231,941.458313234396
445,"Q2Y, Start age: 25",0.07969831114203885,5932.120263366345
446,"Q2Y, Start age: 25",0.045665691926828345,3487.9289136125662
447,"Q2Y, Start age: 25",0.03407889149371712,1162.1581788425501
448,"Q3Y, Start age: 35",0.05,0.0
449,"Q2Y, Start age: 25",0.02824234348748078,1274.0185626991406
450,"Q2Y, Start age: 25",0.07941735435204222,2068.720737707832
451,"Q3Y, Start age: 30",0.10159445297194125,1029.869539754951
452,"Q2Y, Start age: 25",0.022974852300105653,1613.301123254747
453,"Q2Y, Start age: 25",0.04973647406026771,4344.318549054136
454,"Q3Y, Start age: 30",0.1374971939560652,979.3917214560552
455,"Q2Y, Start age: 25",0.03586514213043657,743.9248453283799
456,"Q2Y, Start age: 30",0.055567022959994716,4284.461897175008
457,"Q3Y, Start age: 30",0.07070465539138127,170.08550221319274
458,"Q3Y, Start age: 30",0.13590995532587158,2295.7704201055894
459,"Q2Y, Start age: 35",0.07942825260425224,1390.630146108011
460,"Q2Y, Start age: 25",0.03137964614565192,1733.2416721363952
461,"Q2Y, Start age: 25",0.023989924288471798,539.4183472426994
462,"Q2Y, Start age: 25",0.057506357362687055,3741.3672375420574
463,"Q3Y, Start age: 25",0.04093402479520236,2336.506615446662
464,"Q2Y, Start age: 25",0.021991130504197542,1464.298056572512
465,"Q3Y, Start age: 35",0.05,0.0
466,"Q2Y, Start age: 25",0.025872255081182516,1695.5978943039045
467,"Q2Y, Start age: 35",0.05,0.0
468,"Q3Y, Start age: 25",0.07563916940081938,5337.896008527572
469,"Q2Y, Start age: 25",0.020617992224654103,1442.0061856867324
470,"Q2Y, Start age: 25",0.03842084761967257,2833.315495880357
471,"Q3Y, Start age: 35",0.05,0.0
472,"Q2Y, Start age: 25",0.060545819260937606,3841.5224594283627
473,"Q2Y, Start age: 25",0.02876950759752006,2519.1805081674647
474,"Q2Y, Start age: 25",0.03015572034529157,1961.2447585870577
475,"Q2Y, Start age: 25",0.028514005388515784,1749.281819826283
476,"Q3Y, Start age: 30",0.10138273249386032,417.5171304357118
477,"Q1Y, Start age: 35",0.02891294489446139,2592.6480442702086
478,"Q3Y, Start age: 25",0.04776565344650763,2361.017672214286
479,"Q2Y, Start age: 35",0.06899909489954936,1844.296077369254
480,"Q2Y, Start age: 35",0.09875272635185084,1037.27901988347
481,"Q2Y, Start age: 25",0.09009036396280479,7829.4083520193235
482,"Q2Y, Start age: 35",0.02693398559083704,2352.3393470534575
483,"Q2Y, Start age: 35",0.05,0.0
484,"Q2Y, Start age: 25",0.06003523430289448,4325.7256963690015
485,"Q3Y, Start age: 35",0.05,0.0
486,"Q2Y, Start age: 25",0.020077638921691232,1490.1131081197018
487,"Q3Y, Start age: 30",0.30357351530519594,1167.9342158447434
488,"Q3Y, Start age: 35",0.05,0.0
489,"Q2Y, Start age: 25",0.024223444828489704,1179.3494581565574
490,"Q2Y, Start age: 25",0.019875486183504876,830.9343886636743
491,"Q3Y, Start age: 35",0.05,0.0
492,"Q2Y, Start age: 25",0.08737682846016881,6653.242969298113
493,"Q2Y, Start age: 25",0.03043273494553489,1058.9611008826214
494,"Q2Y, Start age: 25",0.05398727057603381,4348.081371312628
495,"Q2Y, Start age: 25",0.026648252272625683,1943.9804122923342
496,"Q2Y, Start age: 30",0.12063868612501238,6440.395793565607
497,"Q3Y, Start age: 25",0.02409253303629555,1888.5116799512216
498,"Q2Y, Start age: 25",0.018746607284704453,1510.5266413019635
499,"Q2Y, Start age: 25",0.019953301104120413,1723.491520202555
500,"Q2Y, Start age: 25",0.020339947127300917,1693.9443063026993
501,"Q3Y, Start age: 30",0.05,0.0
502,"Q2Y, Start age: 25",0.03254010530477913,2821.743645161321
503,"Q2Y, Start age: 25",0.02348848791598357,1815.9613267714158
504,"Q3Y, Start age: 35",0.05,0.0
505,"Q2Y, Start age: 25",0.029933683003797285,586.42763205751
506,"Q2Y, Start age: 35",0.07333181357321195,1914.8513768503872
507,"Q2Y, Start age: 25",0.03170478086466133,1079.2047785391587
508,"Q2Y, Start age: 25",0.0237457517622488,2100.2952795781384
509,"Q3Y, Start age: 25",0.07229921290059593,4722.297289783022
510,"Q2Y, Start age: 35",0.12206425736092186,429.1273879845339
511,"Q2Y, Start age: 25",0.02504945990429519,1168.1104880309904
512,"Q3Y, Start age: 25",0.10469737210476993,4277.7977015966935
513,"Q2Y, Start age: 25",0.026315669020483767,1846.184419628822
514,"Q2Y, Start age: 30",0.07786796283944142,2809.24019034477
515,"Q2Y, Start age: 30",0.1589511597387201,3867.0767228621808
516,"Q2Y, Start age: 25",0.03947360476822581,3814.5285085263313
517,"Q2Y, Start age: 25",0.03689124954509637,2223.6092154276084
518,"Q2Y, Start age: 25",0.03893438720522013,1329.8209896390217
519,"Q2Y, Start age: 25",0.04008420133257928,1146.748680096065
520,"Q2Y, Start age: 25",0.031654836170833534,1761.6391197041776
521,"Q2Y, Start age: 25",0.07223808237107576,2672.093685474423
522,"Q2Y, Start age: 35",0.05,0.0
523,"Q2Y, Start age: 25",0.027363920957089505,2435.9169582644827
524,"Q2Y, Start age: 25",0.04294726301027296,1104.0976525669666
525,"Q3Y, Start age: 30",0.29462826884526905,976.8982705647068
526,"Q2Y, Start age: 30",0.056825614523212664,3584.9716733007335
527,"Q2Y, Start age: 25",0.02471324669257413,950.4152149852616
528,"Q3Y, Start age: 30",0.10451733728028145,1756.7985500524483
529,"Q3Y, Start age: 25",0.09680157551986923,3540.7368903223396
530,"Q2Y, Start age: 25",0.03573337961688239,2175.6395099611327
531,"Q2Y, Start age: 25",0.03076065181133103,2922.7480406498253
532,"Q2Y, Start age: 25",0.03977257615601815,3343.5408514576247
533,"Q2Y, Start age: 25",0.05194181903276629,3903.4542548585014
534,"Q2Y, Start age: 25",0.027119320041830264,2630.7816314440024
535,"Q2Y, Start age: 25",0.0413887735409304,2141.058763131161
536,"Q2Y, Start age: 25",0.049201888742004485,3931.509211236378
537,"Q2Y, Start age: 25",0.023534747452110594,1774.6490934483008
538,"Q2Y, Start age: 30",0.06652973533256201,581.6175829531348
539,"Q3Y, Start age: 35",0.05,0.0
540,"Q2Y, Start age: 25",0.037692257614612146,2107.281122301174
541,"Q2Y, Start age: 30",0.021460514651284512,1663.2354824004397
542,"Q3Y, Start age: 25",0.05532667389898194,4096.300446355666
543,"Q2Y, Start age: 25",0.03546832246324172,868.3325668926318
544,"Q3Y, Start age: 25",0.015656418876293543,455.04391984452013
545,"Q2Y, Start age: 25",0.04020227575207258,3156.226395604539
546,"Q3Y, Start age: 25",0.10520712997206516,5933.65610886005
547,"Q3Y, Start age: 30",0.16916622804685844,2351.33592252338
548,"Q2Y, Start age: 25",0.02418979346960981,2347.709019648977
549,"Q2Y, Start age: 30",0.1349441548273589,2034.9425909446109
550,"Q2Y, Start age: 25",0.03203662258464135,1608.6217770548155
551,"Q2Y, Start age: 25",0.028471928925739576,2199.9645469627976
552,"Q2Y, Start age: 25",0.03967150788810159,1829.7072916799116
553,"Q2Y, Start age: 25",0.021220999153861442,1341.3707171224141
554,"Q2Y, Start age: 25",0.02321781943361856,1952.6542475878232
555,"Q2Y, Start age: 25",0.03849571883382552,739.4438187404485
556,"Q2Y, Start age: 25",0.022965752040214227,2255.676153799657
557,"Q2Y, Start age: 25",0.02343918862102612,1505.6237671150993
558,"Q3Y, Start age: 25",0.09251473443745795,5925.60618977977
559,"Q2Y, Start age: 25",0.03565893934469244,1984.0925231385809
560,"Q2Y, Start age: 25",0.028977423506923117,2762.689923406462
561,"Q2Y, Start age: 30",0.15226426322683295,4073.9032551461787
562,"Q3Y, Start age: 40",0.05,0.0
563,"Q3Y, Start age: 25",0.07637536530443256,4288.772682904408
564,"Q2Y, Start age: 25",0.032326260758051006,1236.5876546657964
565,"Q3Y, Start age: 30",0.0658288183170761,883.7419604346578
566,"Q2Y, Start age: 25",0.04900250951907381,4540.490203075698
567,"Q2Y, Start age: 25",0.0510874237309622,3122.7990997774905
568,"Q3Y, Start age: 25",0.02866198231206596,2772.8012805142207
569,"Q2Y, Start age: 25",0.027331317076026096,1967.0700423386843
570,"Q2Y, Start age: 30",0.12679116900750742,849.0935939414267
571,"Q2Y, Start age: 30",0.040651367223315304,2026.5371382744706
572,"Q2Y, Start age: 25",0.02741399455787885,1578.6534098598095
573,"Q3Y, Start age: 35",0.05,0.0
574,"Q2Y, Start age: 30",0.13404562084816618,2280.7153485468025
575,"Q2Y, Start age: 25",0.02900008215391736,1230.4905519767053
576,"Q2Y, Start age: 25",0.021078661189783077,1082.8561382217613
577,"Q1Y, Start age: 35",0.17751340770662338,1876.9175190775659
578,"Q2Y, Start age: 25",0.03530838535917269,2530.1954122958923
579,"Q3Y, Start age: 25",0.0715586131637096,1794.5250865302478
580,"Q2Y, Start age: 25",0.031133418157171633,2079.3202527738595
581,"Q2Y, Start age: 25",0.030426108700247312,2133.3452941381765
582,"Q3Y, Start age: 35",0.03459035340647887,350.5448894160945
583,"Q2Y, Start age: 25",0.03488583231861142,2262.7870287547885
584,"Q2Y, Start age: 25",0.030421964067752327,1891.256854107036
585,"Q2Y, Start age: 25",0.04114145037362604,2226.1987694658583
586,"Q2Y, Start age: 30",0.08084335489040129,596.6430398065932
587,"Q2Y, Start age: 25",0.019995888368914194,1519.6938955597616
588,"Q3Y, Start age: 30",0.07635528811274384,1878.4949889061936
589,"Q2Y, Start age: 30",0.09827941724232048,4438.780639167377
590,"Q3Y, Start age: 30",0.10082438493282808,358.46786662382146
591,"Q2Y, Start age: 25",0.0842607530865358,6489.906522138537
592,"Q2Y, Start age: 30",0.12427081410175944,1647.5819609922419
593,"Q2Y, Start age: 25",0.0355035900529046,2075.8916607686006
594,"Q2Y, Start age: 25",0.0665183028345595,6600.730495491956
595,"Q2Y, Start age: 25",0.04137373357078289,3608.7226587513287
596,"Q2Y, Start age: 25",0.032246535375264784,1380.9719273843511
597,"Q2Y, Start age: 25",0.07185981789649176,3532.6358891939963
598,"Q2Y, Start age: 25",0.02408210572110292,2316.571179063674
599,"Q2Y, Start age: 25",0.030351501968119976,2453.1999551904737
600,"Q2Y, Start age: 25",0.09287825542338624,8283.4439164855
601,"Q2Y, Start age: 25",0.029484186265953838,2754.8427883644363
602,"Q2Y, Start age: 25",0.028522142930007988,1880.3581922504454
603,"Q2Y, Start age: 25",0.028049093906663103,2215.1257297377997
604,"Q2Y, Start age: 25",0.03776070704925161,919.76663176086
605,"Q2Y, Start age: 25",0.02958139782000302,2670.0215198018523
606,"Q3Y, Start age: 30",0.07366164405335596,2041.8531782858772
607,"Q2Y, Start age: 25",0.083438810418766,6123.7479079413315
608,"Q2Y, Start age: 25",0.02936482730415335,2521.464461312189
609,"Q2Y, Start age: 25",0.023404268059351807,538.8839891533298
610,"Q2Y, Start age: 25",0.02179401925068447,1249.2947793792118
611,"Q2Y, Start age: 25",0.03483907625445326,3177.593338018869
612,"Q3Y, Start age: 25",0.0342829364983146,1293.45474248346
613,"Q2Y, Start age: 25",0.020689912181545367,1908.811036374027
614,"Q2Y, Start age: 25",0.050529999746533605,3126.024902790785
615,"Q2Y, Start age: 30",0.1258759685146913,1217.5352173385509
616,"Q2Y, Start age: 30",0.23398557803829334,792.586245023087
617,"Q2Y, Start age: 25",0.022203538721971228,2147.5170876178527
618,"Q2Y, Start age: 35",0.07427264804639933,661.5043484714188
619,"Q3Y, Start age: 25",0.029519446985034392,2119.524590859768
620,"Q2Y, Start age: 35",0.05,0.0
621,"Q2Y, Start age: 25",0.02442962366480117,1596.8878563167236
622,"Q3Y, Start age: 35",0.05,0.0
623,"Q2Y, Start age: 25",0.026604405619043092,959.6162480392159
624,"Q2Y, Start age: 25",0.02285520621294168,1794.4882788652867
625,"Q2Y, Start age: 25",0.03217347811231619,2796.4464633983443
626,"Q2Y, Start age: 25",0.056703663206263855,5303.970543079235
627,"Q2Y, Start age: 25",0.030744758835005825,1447.7704955794798
628,"Q3Y, Start age: 25",0.04239505046745862,2679.6350227110306
629,"Q2Y, Start age: 30",0.13133439062739072,4196.818144816381
630,"Q2Y, Start age: 25",0.03098802348419838,2429.539121103937
631,"Q2Y, Start age: 25",0.028185665995696496,1712.2168104708726
632,"Q2Y, Start age: 35",0.1002118289955547,2720.908788535038
633,"Q2Y, Start age: 25",0.02755751465534928,1605.251109091052
634,"Q2Y, Start age: 35",0.05,0.0
635,"Q2Y, Start age: 25",0.062280489663685046,3524.252746681608
636,"Q2Y, Start age: 25",0.07532491110926998,6023.134598661563
637,"Q2Y, Start age: 30",0.1358001713355108,2910.905234920905
638,"Q3Y, Start age: 35",0.05,0.0
639,"Q2Y, Start age: 25",0.036524012209081747,1825.9609894772257
640,"Q2Y, Start age: 35",0.025824124291194295,2320.8914146101597
641,"Q2Y, Start age: 25",0.023561844270343357,2337.639184430518
642,"Q2Y, Start age: 25",0.02423204508545851,1567.8364903945603
643,"Q2Y, Start age: 25",0.02143489858796599,1966.923899225596
644,"Q3Y, Start age: 25",0.12287040241944425,6918.243667303468
645,"Q3Y, Start age: 35",0.05,0.0
646,"Q2Y, Start age: 25",0.043773737105464505,3557.745331659411
647,"Q2Y, Start age: 25",0.03230439456215706,1656.626216518427
648,"Q2Y, Start age: 25",0.030116365493672248,1543.3270850202389
649,"Q2Y, Start age: 30",0.18394259547915937,693.6710375692892
650,"Q3Y, Start age: 30",0.2472010725733398,766.6347475311195
651,"Q2Y, Start age: 25",0.05140341742127319,970.4238908255975
652,"Q2Y, Start age: 25",0.052423764659693006,3523.5450343550874
653,"Q3Y, Start age: 25",0.12114031210214193,5427.949467297309
654,"Q3Y, Start age: 25",0.05976639548918783,5224.232995988732
655,"Q2Y, Start age: 25",0.02049642037089683,1421.2249538306369
656,"Q1Y, Start age: 35",0.05739407873529245,1740.7545143527514
657,"Q3Y, Start age: 25",0.06914439358235569,4434.006237234458
658,"Q3Y, Start age: 35",0.05,0.0
659,"Q2Y, Start age: 25",0.03552347729481298,2069.4895047032915
660,"Q2Y, Start age: 25",0.023324900787354608,1718.7747488320801
661,"Q2Y, Start age: 25",0.03758937110148963,814.0710873523549
662,"Q2Y, Start age: 25",0.02065654990831689,820.6921906417792
663,"Q2Y, Start age: 25",0.029644392300500755,1214.29856846646
664,"Q2Y, Start age: 25",0.08321099554970601,5041.868649738482
665,"Q3Y, Start age: 35",0.05,0.0
666,"Q2Y, Start age: 25",0.034244873722826696,2161.0305495413522
667,"Q3Y, Start age: 25",0.04981666260410833,3913.6076211722902
668,"Q2Y, Start age: 25",0.0356722532308531,3410.9612926646623
669,"Q2Y, Start age: 25",0.03214013821173367,2348.5096296049815
670,"Q2Y, Start age: 25",0.04049020031833095,1737.6458146202713
671,"Q3Y, Start age: 35",0.05,0.0
672,"Q3Y, Start age: 25",0.1368847050623181,5185.658982655357
673,"Q2Y, Start age: 25",0.04479946119717937,2244.065455904083
674,"Q2Y, Start age: 25",0.035617643538842,1455.2584191134883
675,"Q2Y, Start age: 40",0.05,0.0
676,"Q2Y, Start age: 25",0.03122188598182163,1678.5058738544103
677,"Q3Y, Start age: 25",0.07989591102183624,6913.5007606287945
678,"Q3Y, Start age: 30",0.10203668010325728,3408.430417245723
679,"Q2Y, Start age: 25",0.04525590092603338,2418.8797333018883
680,"Q2Y, Start age: 25",0.03438939051058654,3224.5900887897224
681,"Q3Y, Start age: 25",0.02844432711910372,2485.996594495955
682,"Q2Y, Start age: 30",0.0594214605975516,2264.8623498178895
683,"Q2Y, Start age: 25",0.019662332485914646,820.6596178874479
684,"Q2Y, Start age: 25",0.03491502639128896,1812.4340113394446
685,"Q2Y, Start age: 25",0.039491260116609084,1237.1463876355701
686,"Q3Y, Start age: 30",0.08988039801468872,2887.2200839600227
687,"Q2Y, Start age: 40",0.05,0.0
688,"Q3Y, Start age: 25",0.13255744354792753,3904.59041765907
689,"Q3Y, Start age: 25",0.07685312439186731,6005.70230690288
690,"Q2Y, Start age: 30",0.056837734319390876,685.6734662354247
691,"Q2Y, Start age: 25",0.037394651586858174,3004.278510015127
692,"Q1Y, Start age: 35",0.08983327795229101,5306.511065858509
693,"Q2Y, Start age: 30",0.05541505824618653,581.2288030273994
694,"Q2Y, Start age: 25",0.05215770949142495,2192.840703583559
695,"Q2Y, Start age: 25",0.03292123561559279,1853.7148637313785
696,"Q2Y, Start age: 25",0.026087445564687783,514.4029113341439
697,"Q2Y, Start age: 25",0.057922301684900646,3765.6661361320093
698,"Q2Y, Start age: 30",0.23325792323851857,1761.3963101567278
699,"Q2Y, Start age: 25",0.025925978936609084,1111.4751371955608
700,"Q2Y, Start age: 25",0.0308546675541308,2993.1183304184633
701,"Q3Y, Start age: 30",0.050649234440324875,2097.4029988875845
702,"Q2Y, Start age: 25",0.032849289481994504,1916.325695321073
703,"Q2Y, Start age: 30",0.10086879676152449,2520.1219784778477
704,"Q2Y, Start age: 25",0.05575747012104415,2073.5693929663157
705,"Q3Y, Start age: 35",0.05,0.0
706,"Q2Y, Start age: 25",0.05629321773717777,4069.67008235918
707,"Q3Y, Start age: 30",0.1413935755837521,2126.4580323651753
708,"Q2Y, Start age: 25",0.09241058992076745,4571.653163350364
709,"Q2Y, Start age: 35",0.09600210901435702,1754.3425848863117
710,"Q2Y, Start age: 25",0.018233026551577325,1777.2331583434752
711,"Q3Y, Start age: 30",0.11436110648285336,2029.624322386935
712,"Q2Y, Start age: 25",0.08940407206167933,4304.803703445565
713,"Q3Y, Start age: 25",0.10028067734534574,3563.7790707891854
714,"Q2Y, Start age: 30",0.06142837927254874,1448.0926946682066
715,"Q2Y, Start age: 25",0.07837295207103523,7585.180867778197
716,"Q2Y, Start age: 30",0.12843987672281543,3219.9612490851996
717,"Q2Y, Start age: 25",0.02019232321557851,1695.853791082467
718,"Q2Y, Start age: 35",0.301637495752221,1730.587151951764
719,"Q3Y, Start age: 35",0.05,0.0
720,"Q2Y, Start age: 30",0.019701922549007378,1117.6134850282688
721,"Q1Y, Start age: 35",0.02303675102985636,1413.4831742143942
722,"Q2Y, Start age: 25",0.030231903859210263,3005.864699971058
723,"Q3Y, Start age: 30",0.07596542811164397,2057.973500046275
724,"Q2Y, Start age: 25",0.05642320800567546,4257.805178938848
725,"Q2Y, Start age: 25",0.028201676459875813,2488.1716207819263
726,"Q2Y, Start age: 25",0.08055194642254193,4458.193357394437
727,"Q2Y, Start age: 25",0.02661034452751565,1283.8053012639157
728,"Q3Y, Start age: 35",0.114316294883821,562.560178636104
729,"Q2Y, Start age: 25",0.08063849196432216,6372.715520985264
730,"Q1Y, Start age: 35",0.030862494713240096,1998.9284399860353
731,"Q2Y, Start age: 25",0.027681108151853095,2005.09020423951
732,"Q3Y, Start age: 25",0.05459171475671809,2289.284845598202
733,"Q2Y, Start age: 25",0.03836692314031254,3232.7014402657915
734,"Q2Y, Start age: 25",0.038683896688873176,1149.41535408643
735,"Q2Y, Start age: 25",0.034800813081499626,2571.1266708441253
736,"Q2Y, Start age: 30",0.19733772353800205,2028.2080026280837
737,"Q2Y, Start age: 25",0.03637301847091834,2857.513547013681
738,"Q2Y, Start age: 25",0.034921018713180985,2867.6152203929996
739,"Q2Y, Start age: 30",0.2502708608350801,6709.590304744834
740,"Q2Y, Start age: 25",0.059025870644873635,3724.678298792942
741,"Q2Y, Start age: 25",0.09803357979122396,4184.82129255039
742,"Q3Y, Start age: 25",0.033929875418849065,2513.3743612829094
743,"Q3Y, Start age: 25",0.026665406919097023,2346.454467658099
744,"Q2Y, Start age: 35",0.15318331707618071,1372.27742982778
745,"Q2Y, Start age: 25",0.033161372816088885,1927.397885827966
746,"Q2Y, Start age: 30",0.08320379070087114,947.2737449261476
747,"Q3Y, Start age: 35",0.05,0.0
748,"Q2Y, Start age: 25",0.022849920551959002,1460.5289768640723
749,"Q3Y, Start age: 25",0.1039164439326612,6003.303315272853
750,"Q2Y, Start age: 25",0.03620654178590499,3183.9763532828074
751,"Q2Y, Start age: 25",0.02415563076785432,1830.664943002379
752,"Q3Y, Start age: 35",0.05,0.0
753,"Q2Y, Start age: 25",0.02714166991223621,2551.5588197237958
754,"Q3Y, Start age: 25",0.06751848582946351,2976.247620197795
755,"Q2Y, Start age: 25",0.048502496656254834,4371.4598401921685
756,"Q2Y, Start age: 25",0.023224312095855737,1390.9404374603837
757,"Q3Y, Start age: 35",0.05,0.0
758,"Q3Y, Start age: 35",0.05,0.0
759,"Q2Y, Start age: 25",0.02638936474831155,2307.7941162538373
760,"Q2Y, Start age: 35",0.14149945171852352,1537.7617920266748
761,"Q2Y, Start age: 30",0.10040983530062064,2469.049593840429
762,"Q3Y, Start age: 25",0.06827501899064004,3335.055878717252
763,"Q3Y, Start age: 25",0.03146977496806613,2223.304085528791
764,"Q3Y, Start age: 30",0.047961158445271934,941.1892072294613
765,"Q3Y, Start age: 35",0.05,0.0
766,"Q2Y, Start age: 25",0.027686767734195428,2203.2262521325574
767,"Q2Y, Start age: 25",0.030894900779589562,1103.4253971589096
768,"Q2Y, Start age: 30",0.06979551092055658,805.850715722936
769,"Q3Y, Start age: 30",0.2270067485979652,16.377096211092066
770,"Q2Y, Start age: 25",0.08533650821585326,6108.763125909591
771,"Q3Y, Start age: 25",0.0928519180919345,4053.3500153837485
772,"Q3Y, Start age: 25",0.022340181383839308,2050.315079938897
773,"Q2Y, Start age: 35",0.05,0.0
774,"Q3Y, Start age: 25",0.1281022023486038,5167.438207471281
775,"Q2Y, Start age: 40",0.05,0.0
776,"Q2Y, Start age: 25",0.04547756203410458,3721.5590980917113
777,"Q2Y, Start age: 25",0.028509227176073182,979.5424643984952
778,"Q3Y, Start age: 25",0.0603402511218043,3747.9037931634593
779,"Q2Y, Start age: 25",0.027637458875528154,1806.5549488627985
780,"Q2Y, Start age: 35",0.05,0.0
781,"Q2Y, Start age: 25",0.06017641810166907,4838.225523267654
782,"Q3Y, Start age: 30",0.05,0.0
783,"Q3Y, Start age: 25",0.04793648699181219,3219.6350556429097
784,"Q2Y, Start age: 30",0.04503017458434755,1747.1857141091532
785,"Q2Y, Start age: 25",0.02579686648071089,1010.0261998703791
786,"Q2Y, Start age: 25",0.026602853100925472,2411.450409720939
787,"Q2Y, Start age: 25",0.07055653613083734,5585.017048103346
788,"Q2Y, Start age: 25",0.029066208416207218,2242.9328068942523
789,"Q3Y, Start age: 25",0.19516309952823363,11421.949104690753
790,"Q2Y, Start age: 25",0.019517393993648824,1369.6008553722459
791,"Q2Y, Start age: 35",0.14755296759215852,1317.3607056562214
792,"Q2Y, Start age: 30",0.12623079395253,4202.7621109392385
793,"Q2Y, Start age: 25",0.016513846217886652,1329.239525242343
794,"Q2Y, Start age: 25",0.03510525863536884,2692.1687069359577
795,"Q2Y, Start age: 35",0.06303252554080174,1334.2278779427324
796,"Q2Y, Start age: 30",0.16735266644226243,5351.590422862606
797,"Q2Y, Start age: 25",0.02274256880168224,1609.6792117353507
798,"Q2Y, Start age: 25",0.03218535953755364,1613.6748315993354
799,"Q2Y, Start age: 30",0.06415402329484365,2065.399800721545
800,"Q2Y, Start age: 25",0.03579903037662291,2404.7305386466287
801,"Q2Y, Start age: 25",0.021628265485091447,1866.1408500479047
802,"Q1Y, Start age: 35",0.11431967011235145,6519.205572822257
803,"Q1Y, Start age: 35",0.03095925070359229,2728.6097470632667
804,"Q3Y, Start age: 35",0.05,0.0
805,"Q2Y, Start age: 35",0.05,0.0
806,"Q2Y, Start age: 25",0.019508558786046848,1457.1514112418608
807,"Q2Y, Start age: 30",0.05,0.0
808,"Q2Y, Start age: 30",0.15623456692889448,715.1595086078923
809,"Q2Y, Start age: 30",0.18411287234398444,2495.5811215623253
810,"Q2Y, Start age: 25",0.03257932672737596,2194.006394677297
811,"Q2Y, Start age: 35",0.0419766924649565,3361.849798297324
812,"Q2Y, Start age: 25",0.0433392702180555,2571.674040079346
813,"Q2Y, Start age: 25",0.03169019640483128,2044.5077588670974
814,"Q2Y, Start age: 30",0.27008620391253757,2885.895474126053
815,"Q2Y, Start age: 35",0.0810729521257656,1274.7198910441766
816,"Q1Y, Start age: 40",0.03176877639333853,452.66780041630045
817,"Q2Y, Start age: 25",0.04810693062486138,4005.6595423682593
818,"Q2Y, Start age: 25",0.05157806779917351,4157.9090981028785
819,"Q3Y, Start age: 35",0.09979045496195482,749.6859802263025
820,"Q2Y, Start age: 25",0.03854311695439705,2500.687862603667
821,"Q2Y, Start age: 30",0.08499497975785886,1423.430379949641
822,"Q2Y, Start age: 25",0.08854199424568421,2851.3651922621775
823,"Q2Y, Start age: 25",0.02305429423108407,683.5726377134633
824,"Q2Y, Start age: 30",0.16950935998345074,1253.4785104168786
825,"Q2Y, Start age: 30",0.03119917907044467,1463.4005770100157
826,"Q2Y, Start age: 25",0.025621527830814728,2498.3923764570427
827,"Q3Y, Start age: 35",0.05,0.0
828,"Q2Y, Start age: 25",0.02374950985328539,516.8696610335119
829,"Q2Y, Start age: 25",0.07158847282773806,3252.350114480165
830,"Q3Y, Start age: 25",0.018551107942101908,1108.5137873697058
831,"Q3Y, Start age: 35",0.05,0.0
832,"Q2Y, Start age: 25",0.032283906520572,1900.7687807790462
833,"Q2Y, Start age: 25",0.028558080630432414,1160.2771739094587
834,"Q2Y, Start age: 25",0.03130355866241885,1512.9705857765548
835,"Q3Y, Start age: 35",0.05,0.0
836,"Q3Y, Start age: 30",0.06887697125000258,2040.5740267964939
837,"Q3Y, Start age: 25",0.05586885243042872,5486.492791748082
838,"Q2Y, Start age: 25",0.020895143144969097,1892.4415070558862
839,"Q2Y, Start age: 25",0.030806671486612203,1762.9315880612085
840,"Q2Y, Start age: 25",0.07614514109168269,6490.454171837606
841,"Q1Y, Start age: 35",0.04457061845189969,2121.6097028695403
842,"Q2Y, Start age: 30",0.147575754142256,2682.1823357916383
843,"Q3Y, Start age: 30",0.06609219816100165,1004.1307015447237
844,"Q3Y, Start age: 30",0.19293558449950154,2717.987984374289
845,"Q2Y, Start age: 30",0.0680601491478896,929.7648994237061
846,"Q2Y, Start age: 25",0.05656084239547354,2384.902582640212
847,"Q3Y, Start age: 30",0.23415727491172333,448.05015775870015
848,"Q2Y, Start age: 30",0.12762097740328215,3441.1735817447407
849,"Q2Y, Start age: 25",0.03325006281774279,1570.9100161680908
850,"Q2Y, Start age: 25",0.022964067755673057,929.8830853450454
851,"Q2Y, Start age: 25",0.08079252865352515,6135.551488871763
852,"Q2Y, Start age: 25",0.02941095438825414,1901.4864902434274
853,"Q2Y, Start age: 25",0.035770463644109185,1906.3757759071777
854,"Q2Y, Start age: 25",0.017551397817026526,1468.3118423016967
855,"Q2Y, Start age: 30",0.07303115641969882,5119.554747522336
856,"Q2Y, Start age: 25",0.038561444524837896,2199.735786728379
857,"Q2Y, Start age: 35",0.14263711176101523,1720.8821525827843
858,"Q2Y, Start age: 25",0.02447530993228142,1552.6373481634728
859,"Q3Y, Start age: 25",0.15196335896891,3254.428003454075
860,"Q3Y, Start age: 25",0.25478036393134573,4037.135398071361
861,"Q2Y, Start age: 25",0.0548482368136014,5269.658682284311
862,"Q3Y, Start age: 25",0.11437501675975525,3766.1239391622767
863,"Q3Y, Start age: 30",0.199788200565564,1543.479914866999
864,"Q2Y, Start age: 25",0.03732256745877294,1938.086027608144
865,"Q2Y, Start age: 25",0.03312949790016617,2277.061827622809
866,"Q2Y, Start age: 25",0.03614661362109217,1331.8771720479435
867,"Q2Y, Start age: 25",0.034803196659371594,2863.235581187975
868,"Q2Y, Start age: 25",0.047856719040591855,1260.5177091951227
869,"Q2Y, Start age: 25",0.06482023871626197,3876.471790076339
870,"Q2Y, Start age: 25",0.04051124468292144,3978.3104476185945
871,"Q2Y, Start age: 25",0.02916813878522362,2571.2607958487533
872,"Q2Y, Start age: 25",0.023125597617799087,1422.0712222082948
873,"Q2Y, Start age: 35",0.05,0.0
874,"Q2Y, Start age: 35",0.14261444070415763,1240.1485219610622
875,"Q2Y, Start age: 25",0.02175738687091311,823.0298753700245
876,"Q2Y, Start age: 25",0.029629490185836715,761.8692251805514
877,"Q2Y, Start age: 25",0.02850676913048744,1769.1257713053456
878,"Q3Y, Start age: 25",0.08965043256429794,4231.918750198183
879,"Q3Y, Start age: 25",0.03798580506370541,1905.0707354447877
880,"Q1Y, Start age: 35",0.16418493339826412,3944.2020487267037
881,"Q3Y, Start age: 35",0.05,0.0
882,"Q2Y, Start age: 25",0.023768791771651365,1546.8384172505612
883,"Q2Y, Start age: 25",0.01733316815137087,1213.234302918665
884,"Q2Y, Start age: 25",0.023749178087967948,1728.912561791698
885,"Q2Y, Start age: 30",0.12442111819213864,2171.2372151171694
886,"Q3Y, Start age: 25",0.03975482375677686,2200.5069765030385
887,"Q3Y, Start age: 25",0.09073779061634468,3192.771222437026
888,"Q3Y, Start age: 25",0.023349915810840116,2093.7395265418163
889,"Q3Y, Start age: 35",0.05,0.0
890,"Q3Y, Start age: 25",0.06592532321415234,4222.839243184095
891,"Q3Y, Start age: 25",0.14877462570362,3993.4250020637883
892,"Q2Y, Start age: 25",0.036480761295905495,3495.833151570063
893,"Q2Y, Start age: 25",0.027859588983549344,2242.8812415811262
894,"Q2Y, Start age: 25",0.07178185303478912,3887.0392072082177
895,"Q2Y, Start age: 25",0.022324376301675386,1380.7162253708902
896,"Q2Y, Start age: 35",0.14329361163170162,644.8489125246633
897,"Q2Y, Start age: 25",0.020371690116089525,1966.672564070679
898,"Q2Y, Start age: 25",0.07545743002537364,1073.5616488960513
899,"Q3Y, Start age: 35",0.05,0.0
900,"Q2Y, Start age: 25",0.020571438007745968,1788.871419877385
901,"Q2Y, Start age: 30",0.10725515242479844,4452.362312550209
902,"Q2Y, Start age: 25",0.041138781794302304,2339.59421279914
903,"Q2Y, Start age: 25",0.029902800197305623,1657.8617523517787
904,"Q2Y, Start age: 25",0.05573042650143378,3770.476187438766
905,"Q2Y, Start age: 25",0.021264820433525955,1847.8780194460487
906,"Q2Y, Start age: 25",0.024534833369699527,1976.794690958468
907,"Q2Y, Start age: 35",0.15307161342301967,1504.0262679279622
908,"Q2Y, Start age: 25",0.08611054849605537,6551.91247324757
909,"Q2Y, Start age: 25",0.023021706918008533,1765.5734498252568
910,"Q2Y, Start age: 35",0.11939123433558763,2201.321837830754
911,"Q2Y, Start age: 35",0.15116054558064818,888.4809419311496
912,"Q1Y, Start age: 35",0.027218440572234215,960.7491298702025
913,"Q2Y, Start age: 25",0.027708222860923115,1048.0836805844265
914,"Q2Y, Start age: 25",0.04911993467994691,1708.9188768958575
915,"Q3Y, Start age: 30",0.05,0.0
916,"Q2Y, Start age: 25",0.03476576881563531,1400.805150398297
917,"Q2Y, Start age: 25",0.03854859191541493,2397.1927518228367
918,"Q2Y, Start age: 25",0.03619976602907826,1838.8132275228927
919,"Q2Y, Start age: 30",0.10257002154049744,1467.6505677397217
920,"Q3Y, Start age: 25",0.133122717545902,7389.075618983785
921,"Q1Y, Start age: 35",0.06647522496325209,6101.513991974025
922,"Q2Y, Start age: 30",0.04990242455763649,2950.824952432764
923,"Q2Y, Start age: 25",0.08588887345500851,7506.419716625416
924,"Q2Y, Start age: 25",0.050197818151751505,4758.324047013033
925,"Q3Y, Start age: 30",0.09043856317067522,1205.5628920550917
926,"Q2Y, Start age: 30",0.03014858901883244,2403.271900625914
927,"Q2Y, Start age: 25",0.03553644415262269,1284.8282153699838
928,"Q3Y, Start age: 35",0.05,0.0
929,"Q2Y, Start age: 25",0.025731924787883997,2195.361425407984
930,"Q3Y, Start age: 25",0.16344937675419402,9795.168798727696
931,"Q3Y, Start age: 30",0.05,0.0
932,"Q2Y, Start age: 25",0.022649826018533048,1558.3011319696307
933,"Q2Y, Start age: 25",0.03095219630154844,1552.054453265373
934,"Q2Y, Start age: 30",0.09365325450234252,7721.033597960552
935,"Q3Y, Start age: 30",0.08035116660972719,2330.1574649013564
936,"Q2Y, Start age: 25",0.02777073185345813,2632.3819504757575
937,"Q2Y, Start age: 25",0.020801887494915405,1456.1883570661594
938,"Q2Y, Start age: 25",0.036585018321925844,2118.176800169844
939,"Q2Y, Start age: 25",0.027098580100361147,1308.7928236121643
940,"Q2Y, Start age: 25",0.04928353531133567,2445.0263234806753
941,"Q3Y, Start age: 25",0.09525648640076056,5237.437468850596
942,"Q2Y, Start age: 30",0.05715124465941557,4372.041076739046
943,"Q2Y, Start age: 30",0.075878069703748,3970.7406911908547
944,"Q1Y, Start age: 35",0.08273686698524685,3426.4582937057367
945,"Q2Y, Start age: 30",0.1827407659546374,1101.176791235699
946,"Q2Y, Start age: 25",0.031474955724924314,2823.5495429413095
947,"Q2Y, Start age: 25",0.03573559605712262,2984.4558912390203
948,"Q2Y, Start age: 25",0.05825066161668957,3104.6983854360733
949,"Q2Y, Start age: 25",0.028621041617252985,817.7708614549556
950,"Q2Y, Start age: 25",0.03126257984485292,384.4440324984789
951,"Q3Y, Start age: 30",0.2499325929293157,1504.8330198652657
952,"Q3Y, Start age: 25",0.04791990586533856,2002.5953693649753
953,"Q2Y, Start age: 25",0.019368679028730185,833.5644135551665
954,"Q2Y, Start age: 25",0.060049226341970297,4517.9804821861035
955,"Q1Y, Start age: 35",0.13905627323696024,5948.445742895943
956,"Q2Y, Start age: 25",0.020987825656291648,1101.3151726816777
957,"Q2Y, Start age: 25",0.029924245943277583,1629.413596484239
958,"Q3Y, Start age: 35",0.05,0.0
959,"Q2Y, Start age: 25",0.033079162563886655,2400.9389344515257
960,"Q2Y, Start age: 25",0.033758880519386025,2821.2811609252094
961,"Q3Y, Start age: 25",0.04699027631373198,1198.9317345910895
962,"Q2Y, Start age: 25",0.0400887134026533,2841.6757906945677
963,"Q2Y, Start age: 30",0.08261117801646733,2834.5463618523645
964,"Q2Y, Start age: 25",0.01830960936394277,647.8414931439511
965,"Q2Y, Start age: 35",0.02238885400268842,234.3685386281286
966,"Q2Y, Start age: 25",0.03163531885498827,2061.8990082193013
967,"Q2Y, Start age: 25",0.022919617323637453,1010.1242216636674
968,"Q2Y, Start age: 25",0.023433092036757586,1313.802568721967
969,"Q2Y, Start age: 25",0.037604684425680546,2723.0308230643677
970,"Q2Y, Start age: 25",0.037400096998091215,2948.638413113251
971,"Q3Y, Start age: 35",0.05,0.0
972,"Q3Y, Start age: 35",0.05,0.0
973,"Q3Y, Start age: 25",0.14887787391419138,4384.999691260291
974,"Q2Y, Start age: 35",0.05,0.0
975,"Q2Y, Start age: 25",0.024794386042522376,1871.0174265826354
976,"Q2Y, Start age: 35",0.13918854311050666,1692.373737728667
977,"Q2Y, Start age: 25",0.05383649496844356,1623.088735960333
978,"Q2Y, Start age: 25",0.025815526871149075,1380.8166426428215
979,"Q2Y, Start age: 25",0.024672408783004585,1301.1200280593948
980,"Q2Y, Start age: 25",0.022203801107352206,2151.3034072569862
981,"Q2Y, Start age: 25",0.05839759953068224,3612.2183726520707
982,"Q2Y, Start age: 25",0.018560215274263214,1393.847830485487
983,"Q3Y, Start age: 25",0.05875298653870331,5060.093916376896
984,"Q2Y, Start age: 25",0.033711635163630405,1934.321896373338
985,"Q1Y, Start age: 40",0.09653819121175289,3233.990019787616
986,"Q2Y, Start age: 25",0.03016234801174278,2832.0953945187575
987,"Q2Y, Start age: 25",0.02345569079964349,1842.6383120873215
988,"Q3Y, Start age: 25",0.09434178213607325,4475.358135425438
989,"Q2Y, Start age: 25",0.02003494370749337,1654.899716175134
990,"Q3Y, Start age: 25",0.025033307943431282,973.2643534847593
991,"Q2Y, Start age: 25",0.026186338220352212,2392.325387068926
992,"Q2Y, Start age: 25",0.03601221065126836,2700.222359525793
993,"Q2Y, Start age: 25",0.06769894648303065,3686.655170594393
994,"Q2Y, Start age: 30",0.07823814804775964,3801.289756441125
995,"Q3Y, Start age: 35",0.05,0.0
996,"Q2Y, Start age: 25",0.03203236489023453,1464.4016327107565
997,"Q2Y, Start age: 25",0.017246168051411104,781.7992711808874
998,"Q2Y, Start age: 25",0.021130674660263082,1232.3294832043794
999,"Q2Y, Start age: 25",0.02446375692421654,2092.092110799531
